sha256,Obfuscation_method,SEBASTiAN_result,APKHunt_result,Trueseeing_result
d467c8a03c5df969cd4fc0c997659e4c7571f661552a0dfc9400d510fd227676,ArithmeticBranch,false,false,false
935a0c3729a7b3d75c5bce480a743027f024a889da86341b7c4fd4fd91776ea4,ArithmeticBranch,false,false,false
089b9f4dddaca7cc50d340167b53a06ea1fcc4f1c904472f5ec5ba25ce296549,ArithmeticBranch,false,false,true
1486ed27e34b0ae7b763e9291290df07fcd24777715b28b4e9e4e7848cbca46a,ArithmeticBranch,false,false,false
286c5ca99986f9cac3216770fbd69da0e297d5b23c6f9ac00c6ae53367ea536d,ArithmeticBranch,false,false,false
7b5cd294f17f3d214b5e87ab4a5f7c07373e681d9b1f82f0cbf7e938253add69,ArithmeticBranch,false,false,false
f7b19453f1e6a04d5e49e551686bed4bf82de0aec382771225d1b1c6144419d0,ArithmeticBranch,false,false,false
83c3838ee8b7589ab56aef545648de7e6cce130805fc61290cff7c107686d653,ArithmeticBranch,false,false,true
026edcbf2d623840fbeaacf325bf93b994541d851f0b7c4320cadee5f6b8f4a1,ArithmeticBranch,false,false,true
4940931ce891338df37ff3c11cdc5828756607da0155c3563e87cba9de301244,ArithmeticBranch,false,false,false
a420bb7e8108ddadc6ebbd3a6f421d0c14c24b69b92da61ab1238222e6837e7c,CallIndirection,false,false,false
d0452f48d9774b3f0098e4e8ce67b7ea8b9f8bd966fe633e6f9a07bc2b6e816e,CallIndirection,false,false,false
44736a054fb1e8fa35cd43988edb121992edfe34feb7854f3ff6389d5aaa333a,CallIndirection,false,false,true
1d45a60d485df59406a74053a909694e4e2e93812943c5baf10e13a61f2be183,CallIndirection,false,false,false
4d960d452f27eea4d151088e246180b3131ac1e579464a6b9101a9f2c221d252,CallIndirection,false,false,true
1d898bd63c1679cc6c74d5cfa9eb4b659f6eea0ecb8773e21d8cd5ab340ccf69,CallIndirection,false,false,true
7323e367e428b97c67621a69f244551adcc5a1853c9764ab2c5ba260366da542,CallIndirection,false,false,false
fc96f35aa1b83b6afaba9aab56a6ea26a35354f1dfd675b434896eef9ddfecde,CallIndirection,false,false,false
a1b74d5156781be23da5d7f45ee570282e36c4f7fa1ec4ac33265b8d800e445d,CallIndirection,false,false,false
8167df3af7e74f79ae149e965f9334307214e8169d05d354ca07618852604f3a,CallIndirection,false,false,false
f278e1216eb18e8016727645537b3ff3b85065bb5191822246be200b3d8f60ef,ClassRename,false,false,false
7637984d07d443f9801b02ea5339cb963940a6e19da7c68bd801077cf01fc028,ClassRename,false,false,false
cd90f96835d9c34988eeddee8dbca097c28d5538283f16e9f6294e4b8d8b703a,ClassRename,false,false,true
f0d8ea319f65dbb449b80bdd5ce3b36618dcd8e8b3e2c66283583fd1a6bddce5,ClassRename,false,false,false
ac60202ced6ccb62c2267a21f9fd5dcc049e44e39d5e32a84cdc96ff0208ae09,ClassRename,false,false,true
c421b6c0cab7679c999a2d3e357bef5f56a4320bf1cc923aeaaabc907030a4bf,ClassRename,false,false,true
62556a175630dc1421fa76090928e2b596040270e280e72767919f2af1b86f53,ClassRename,false,false,false
b9f245a03e94ec543a04ead9d3c0254801308301bb6ffdd6c723ee30af0f2bde,ClassRename,false,false,false
5362b3f084ea07c045049103b0391b3022da9a4d3665a27f763702bbdad4b4f2,ClassRename,false,false,false
37fd52ec147e639d93dc29c7d9f78d289903899da3b32afac0ef2710d4cad614,ClassRename,false,false,false
5ad5f716bf474a78d79dd0e7b7160bcdaa1e1a1f8456263e9bf26486a4dc3384,ConstStringEncryption,false,false,false
052931a563335c0cbdfad4a8e786d45c1fc4366369dc38ec46676132bc815bd5,ConstStringEncryption,false,false,false
8151ee42731d5f8bb18e3e6b0b04f24ac487561b44d1c4d85820bebec70423e2,ConstStringEncryption,false,false,true
013ce588d61272ab65e4b2f39e7b00597351a0e9d9958506b6232082a4b0f600,ConstStringEncryption,false,false,false
e00c4c83219efa0abbb6f81d773de175fd7650e3606cd726a77c66410385d0af,ConstStringEncryption,false,false,true
65d8332fff3d34322e5c619365ff83b9ca78d0854e6297620a5d364db8fdff77,ConstStringEncryption,false,false,true
98c6b9682e87c2c5806d3cd2cf70edcb616197a8b8ce10d3d54c0eea6dd113b2,ConstStringEncryption,false,false,false
5c6e1a96cd6d4017dace11c1d1f40f2635b8c4e7108934bf56188cbefc0f010d,ConstStringEncryption,false,false,false
314882944fdc553ba7cf09ce5f77c1c0d33c8f619d09b532902ed286b88629af,ConstStringEncryption,false,false,false
4ec4155b8117a949dff6cc3392df3bef241e8d33a2fa9f23a0b41938298b90fc,ConstStringEncryption,false,false,false
ea788f3b3504cf98af90335b8166f76d29d2034d41e6d137bff8a3a3616bbff8,FieldRename,false,false,false
efc1928e5f03de071ae38f44d431df6026d7fb8a1b671189e1a1211793fc3ad5,FieldRename,false,false,false
363531e56f7aff42f457ecb7c83f2381901bd36e9b221d544b282560a2f4eec3,FieldRename,false,false,true
c7b8ac8fa8eea996efb474dbcbbc40a8ad3c4b611cd101f06e56ae295b160e9d,FieldRename,false,false,false
9d451a24ba913ed0470bbd5d2a9f6a27fe1b9ea2b4d3183af86973858aa04e1b,FieldRename,false,false,true
4189557f74151e8c49c941a4b32cb20b61662308b02a9b4a0475a7fed3b44ff1,FieldRename,false,false,true
908a99a67ef935666e4ea88e11e8061e9dc7d20332fce41259b6aa093cd13b05,FieldRename,false,false,false
f3749d42131d9f74205b2a86dc957e0588b14175948b89493708cbe40d1d6e4f,FieldRename,false,false,false
01c989c11f8426519e0cf12f53c93dc6320a7062163ca99e70802057766db2df,FieldRename,false,false,false
0c472e35bbf21223452bb1276a2c271deeca0eb8c2d2bd654ed2cbc19a8f77a6,FieldRename,false,false,false
3b1adea31d3e5c2eaae93c654dc07e63260bd63f32da35ef091f6397895f1a1a,Goto,false,false,false
77ae21fb9fca6bf21d66295762c4eb85e265ad3e10f8e7bc60f9d53929d4c9a1,Goto,false,false,false
51a902b3b4bac1f65ff736f2e5107c122d8a3c469519bfa18427f95dd15dea48,Goto,false,false,true
909fbe46605f94ce499b9b9329dbda9e8a4c9eb38dbfe72e220fa71604a399df,Goto,false,false,false
70f1289610ce46199612d6846b5f248100c464178181141d9f6bdc7433328604,Goto,false,false,true
e9cc33630df1c4b45f278061fba5f2872c5ddbbebaefaef7f110953fc1298627,Goto,false,false,true
8ed232f0c4016b6da30883c6678f69cd03b0a296e9d091e9c29594e8fae2acdb,Goto,false,false,false
c64a0edc49dc23de1af09c64a58aa9a82dd59262a4ae0db61432ff08d9cd7edd,Goto,false,false,false
abfed4087c3cecb322da07f0acdd709277680a6a29827f7a8edd6ecba2d630d9,Goto,false,false,false
3c9266d3fa90c1dbf195013064849a199032896bfcd5f7f07c9261f4dabf7404,Goto,false,false,false
3afc1293765e9f10ccd9b8f4c42f2d697f68cc080f29fba707c5b79757c40004,MethodOverload,false,false,false
55136190771a6a909dc4442e4f25955002b523adae3e8759e9e93512df2bd146,MethodOverload,false,false,false
ea45c2176782a6f4f669c35c1ca23849baaa3fe47c86bb881559e1cb001f8533,MethodOverload,false,false,true
d099ce27b6e4659bd5359a81d9122df5773d1cc2571061956e27a3c4dad4ee0f,MethodOverload,false,false,false
d6ad81a54ae4bd8c6b355411848e71d7ca769b13fdadc3e82be364d37d733253,MethodOverload,false,false,true
5f5e4c287d800e68d3693efd88b5f1f2c4767fcc9a67eb11c45740c2bf6c90d5,MethodOverload,false,false,true
c0ea7590e0f2ec1660f85bb496eec7dc1ae1c6e3f503b8351a966f9e074160dd,MethodOverload,false,false,false
7c85694649b7839dc7877ae56cedc363d6075a27b6ddbc6d44b5db42405add17,MethodOverload,false,false,false
060a0a36c13088846ad6ed42450945bf843c43e6b9df7177c6d1b61f160c6765,MethodOverload,false,false,false
2e60d5c328a36085405af3bd859fea03e6abcf8cbce3bfbbff58cbd48df5541e,MethodOverload,false,false,false
20eccabc2be2656bddb2ae2d20ee8a8152a4df0a998cfc5d6561c939b47ab98e,MethodRename,false,false,false
dda4f1b2d0fba5c9027e78fc1a67ecf20e58b61613685f915a87624f358b5f9c,MethodRename,false,false,false
1412dc27eef05f6a13448202ebd1ffc9f029b415e4db5007704cac250f8901a3,MethodRename,false,false,true
ee05277742e90bc74559a15e53bd64dd7381988a172e27002a367b504bac5269,MethodRename,false,false,false
ccd7894269e6bdbbf55ed24eec551fc1c8125d2319b4bb04ceb4350d1054d5f8,MethodRename,false,false,true
8c3fbad07e2fcf579ae8d4022fd2149612732ef347dd78414cc48c457fd215b7,MethodRename,false,false,true
453158fa3c309548417ec66368ffb279dc3158bbd70ea475dddf3cf192293805,MethodRename,false,false,false
9e880d869cde9250ba3b1f2ab72706e45850ea397c946ef75057077af9a4c74f,MethodRename,false,false,false
b645ff04686a8d138f380928ec1034d7115fd2be8d83c8975607d56b35e5d87f,MethodRename,false,false,false
d29115f72b8e3b8d407603fd8ebc489731d5b2ff9b8b252f438a66d1c6f26de2,MethodRename,false,false,false
e4d878f60acd01eaad5bed753d3dd69125f06fff5ea5a0a640fae2f5939447fb,Reflection,false,false,false
875aec2c111c1f2930c55414a4aea99fe8d8edbd829cdc8c6f35243547e08e88,Reflection,false,false,true
45826a675acc813364646e3f9446f84d3f3af635138ff5a66531c909e79724f7,Reflection,false,false,true
6b82bfc309e6206edeb43aec498d10058a187d88bd82994fd9c4549fd1451e42,Reflection,false,false,true
c11c505f045034425616db4c1b0eadea8e7adb0f523fe4f0e6555755f4e9ce63,Reflection,false,false,false
31962651b05bc8fab69b0df82307f543ed0809e52b9ef09b17182369bb342bd1,Reflection,false,false,false
006999789dd10f0d49a9f383d16ca1bc518c5c1269990ee3b4831a8bcddd4c98,Reflection,false,false,false
c166b3c3ebf0046cca059e56a68385fb22e45cf5dc0989b3930bb1c4b8ca987f,Reflection,false,false,false
6ddbf826f60677d1b9b0c994b948e3c9ccac9023858451381aece981e56b3ff3,Reflection,false,false,false
ac7a4be42b861a4b034a9b255a132d979c69609426aa967a6917a3f1c181e52b,Reflection,false,false,false
66a5a846f0a24a032170780fb5dceb83b4ed0f082ccd8e0434e2db94847d4480,None,false,false,false
350e2aa8f08be4057254182cc24bdf7b4c68bc4b743a95d61ce1d5a98a0c1a1a,None,false,false,false
b9f6fddc30ca15d15180c420c7acf8bbd313d127692c601572161bd6f81ca188,None,false,false,true
716635dfc3fd3fe0da6aed22a2671267d639a43f57d9fec4ca23da684ee27681,None,false,false,false
26529e9a0ee6dfafe8d8487b8e88f0325ee84681cbb1d701586bbc060c0ce5c8,None,false,false,true
f7867f8d33ea981c801bd1ad1389fa2109c924c28233b1ad77d1ff999ac6b138,None,false,false,true
b5edea35c0b3cb22675aa79fa0f920e17e2c35d31e19d8121d7e0e68c9c0e5d8,None,false,false,false
7fc81e1f0e706bf4358a1b516cedd0fe79f53c5e877d37286c048cc64457ccd0,None,false,false,false
005fd7b5463214ca889d4ece3fc656abde48b3f68fbdb45363836fb9b7b66291,None,false,false,false
f8822a3a3aff2fa2dfbcb94841ef66d7947e05ad30f09c8174a41939a4d54f34,None,false,false,false
56373e77c71ad1c6ad39352a01f19c554a67ce495c07d48c01b71d1e48527aaf,R8,false,false,false
118691ea5b82245a2d54bbc78b285ec012c3829c9863a06b30fe535addb16b9d,R8,false,false,false
a6c1fcf97ef7616754b5238d1be1807bd0eeb7dc1cc1a8f2a46bfa9b02667f24,R8,false,false,true
360666a6839f6905a1377d0d54e8b4829ffbee34673bd772a5fcaaeb3f3734b5,R8,false,false,false
c9a8c5e5abd761456f4646fa1a18cbba7d2d96189394be1fc773359f4fc6aac2,R8,false,false,true
0b7cb2df9ba9bfab98d999dbeb451a9d8317172549dcec56186086ff929c2bac,R8,false,false,true
d6242dfbde04da71c6fcfa1cc20c30aa69b2c7e02dcec37b409d24907ce5a368,R8,false,false,false
e33b3de5c7338a41e7a1480c2206be7f13721c98c77372c39976a0eb4e666ea9,R8,false,false,false
acfdfdbd67d4be53345d8a992846207c8d7c018eb800d9a4b299e02ec6bb7ea8,R8,false,false,false
94aa80ff3674c77e1e1324e45599de6ef27aae2b664ca04816832b4a879e888b,R8,false,false,false